{
  "version": "2.0.0",
  "visualizer": {
    "shader": "\n          setMaxIterations(161);\n          setStepSize(0.7431197197400152);\n      \n          let size = input();\n          let pointerDown = input();\n          time *= 0.15934458017140202; // Randomize time multiplier between 0.1 and 1\n          rotateY(mouse.x * -5 * PI / 2 + time - (pointerDown + 0.1));\n          rotateX(mouse.y * 5 * PI / 2 + time);\n      \n          // Set color\n          color(0.8939736534961771, 0.15343539973164377, 0.2647498251648912);\n      \n          // Get the current coordinate space once and store in s\n          let s = getSpace();\n      \n          // Add rotations\n          rotateX(getRayDirection().y * 2.4340193013105202 + time);\n          rotateY(getRayDirection().x * 1.7776157305492712 + time);\n          rotateZ(getRayDirection().z * 1.7322517724210127 + time);\n      \n          // Apply metal and shine\n          metal(0.5135977939307566 * size);\n          shine(0.4793980848131761);\n      \n          // Render the shapes\n          boxFrame(vec3(size * 0.8161210436163664 - pointerDown * 0.05), size * 0.8161210436163664 - pointerDown * 0.05 * 0.1);\ncylinder(size * 0.8534422954798347 - pointerDown * 0.05 / 4, size * 0.8534422954798347 - pointerDown * 0.05);\ncylinder(size * 0.7693094322944559 - pointerDown * 0.05 / 4, size * 0.7693094322944559 - pointerDown * 0.05);\nexpand(noise(s * 0.1959164091445773) * 0.09097642567410547); sphere(size * 0.886879464900987 - pointerDown * 0.05 / 2);\n      \n          // Apply blending\n          blend(nsin(time * size) * 0.17222512677372692);\n      \n          // Extra shape\n          grid(1, size * 4, max(0.001, size * 0.003));\n        ",
    "skyboxPreset": 4,
    "scale": 48.58695652173913
  },
  "controls": {
    "target0": {
      "x": 0,
      "y": 0,
      "z": 0
    },
    "position0": {
      "x": 14.829590589835869,
      "y": 111.01164838717574,
      "z": 117.61177819245457
    },
    "zoom0": 1
  },
  "intent": {
    "time_multiplier": 1.0,
    "minimizing_factor": 1.005,
    "power_factor": 8.0,
    "pointerDownMultiplier": 0.0,
    "base_speed": 0.2,
    "easing_speed": 0.6,
    "camTilt": 2.9367061761817634,
    "autoRotate": true,
    "autoRotateSpeed": 4.981521739130434,
    "fov": 75.0
  },
  "fx": {
    "bloom": {
      "enabled": true,
      "strength": 0.9782608695652174,
      "radius": -10.0,
      "threshold": 0.0
    },
    "toneMapping": {
      "method": 2.0,
      "exposure": -0.23913043478256668
    },
    "passes": {
      "rgbShift": false,
      "dot": false,
      "technicolor": false,
      "luminosity": false,
      "afterImage": false,
      "sobel": false,
      "glitch": false,
      "colorify": false,
      "halftone": false,
      "gammaCorrection": false,
      "kaleid": false,
      "outputPass": false
    }
  }
}
