{
  "version": "2.0.0",
  "visualizer": {
    "shader": "\n  setMaxIterations(133);\n  setStepSize(0.8632297724861512);\n\n  let size = input();\n  let pointerDown = input();\n  time *= 0.131579219319508; // Randomize time multiplier between 0.1 and 1\n  rotateY(mouse.x * -5 * PI / 2 + time - (pointerDown + 0.1));\n  rotateX(mouse.y * 5 * PI / 2 + time);\n\n  // Set color\n  color(0.08256470259178794, 0.782309705948631, 0.763003005740327);\n\n  // Get the current coordinate space once and store in s\n  let s = getSpace();\n\n  // Add rotations\n  rotateX(getRayDirection().y * 2.154824707715323 + time);\n  rotateY(getRayDirection().x * 2.583074645636565 + time);\n  rotateZ(getRayDirection().z * 2.9303390219795165 + time);\n\n  // Apply metal and shine\n  metal(0.5728721327171771 * size);\n  shine(0.36898649780731946);\n\n  // Render the shapes\n  expand(noise(s * 0.1080185521425232) * 0.39571611124777173); boxFrame(vec3(size * 0.8865473246350158 - pointerDown * 0.05), size * 0.8865473246350158 - pointerDown * 0.05 * 0.1);\nexpand(noise(s * 1.768209282106819) * 0.030656382800295368); boxFrame(vec3(size * 0.6350550547291461 - pointerDown * 0.05), size * 0.6350550547291461 - pointerDown * 0.05 * 0.1);\nexpand(noise(s * 0.22270041645902117) * 0.41792724482850996); grid(3, size * 0.6596742230897178 - pointerDown * 0.05 / 3, 0.01 * size * 0.6596742230897178 - pointerDown * 0.05);\n\n  // Apply blending\n  blend(nsin(time * size) * 0.280208045235598);\n\n  // Extra shape\n  grid(1.99, size * 4, max(0.001, size * 0.003));\n",
    "skyboxPreset": 2,
    "scale": 18.304347826086957
  },
  "controls": {
    "target0": {
      "x": 0,
      "y": 0,
      "z": 0
    },
    "position0": {
      "x": -17.50291939907388,
      "y": 3.359703346733727,
      "z": 6.0965010406462
    },
    "zoom0": 1
  },
  "intent": {
    "time_multiplier": 1,
    "minimizing_factor": 0.8968478260869565,
    "power_factor": 9.804347826086957,
    "pointerDownMultiplier": 0.5,
    "base_speed": 0.7452173913043478,
    "easing_speed": 0.49369565217391304,
    "camTilt": 5.668525874955496,
    "autoRotate": true,
    "autoRotateSpeed": 1.184782608695652,
    "fov": 75
  },
  "fx": {
    "bloom": {
      "enabled": true,
      "strength": 0.5608695652173914,
      "radius": -3.326956521739131,
      "threshold": 0.6956521739130435
    },
    "toneMapping": {
      "method": 0,
      "exposure": 260.86956521739137
    },
    "passes": {
      "rgbShift": true,
      "dot": false,
      "technicolor": false,
      "luminosity": false,
      "afterImage": true,
      "sobel": true,
      "glitch": false,
      "colorify": false,
      "halftone": true,
      "gammaCorrection": true,
      "kaleid": false,
      "outputPass": true
    },
    "params": {
      "rgbShift": {
        "amount": 0.02282608695652174,
        "angle": 1.5707963267948966
      },
      "afterImage": {
        "damp": 0.18478260869565216
      },
      "colorify": {
        "color": 0
      },
      "kaleid": {
        "sides": 6,
        "angle": 0
      }
    }
  },
  "state": {
    "time_multiplier": 1,
    "mouse": {
      "x": -1.1448327545733414,
      "y": 0.8788481822459486,
      "z": 0
    },
    "currMouse": {
      "x": -1.14453125,
      "y": 0.8793981481481481,
      "z": 0
    },
    "size": 0.07768881303106932,
    "pointerDown": 0.8970544339526756,
    "pointerDownMultiplier": 0.5,
    "currPointerDown": 0.5,
    "currAudio": 0.07770993965622731,
    "time": 23.00890000003642,
    "volume_multiplier": 0,
    "minimizing_factor": 0.8968478260869565,
    "power_factor": 9.804347826086957,
    "base_speed": 0.7452173913043478,
    "easing_speed": 0.49369565217391304,
    "camTilt": 5.668525874955496
  }
}